{"cameraMode":{"drawMode":0,"name":"Shaded","section":"Shading Mode"},"sceneLighting":true,"audioPlay":false,"sceneViewState":{"m_AlwaysRefresh":false,"showFog":true,"showSkybox":true,"showFlares":true,"showImageEffects":true,"showParticleSystems":true,"showVisualEffectGraphs":true,"m_FxEnabled":true},"in2DMode":false,"pivot":{"x":-14.761993408203125,"y":-5.429288864135742,"z":5.659919738769531},"rotation":{"x":0.24230536818504334,"y":0.25399017333984377,"z":-0.06586234271526337,"w":0.9340596795082092},"size":21.636350631713868,"orthographic":false}